username,password
user1,test
user2,PASSWORD
user3,test123456
user4,T1y$
user5,T1y$T1y$T1y$
user6,PASSWORD1234
user7,PASSword5*
user8,PASSword5
user9,PASSword
user10,********
user11,TEST_TEST_PASSWORD
user12,
user13,gdfgfgdg
user14,T1y@T1y@T1
user15,T1yT1y#T1
usermgotyhejvo,"cYQNTy#v"
usersksizqabdo,CYQzVl#1cD
userjmkfrbhluu,JKJakTtBEJ
usergzlqyzlrup,K8qLFMMZfW
usersebabvsdsm,FLD38j@XmH
userpjhtgmpqei,@A77kSeQUF
usernmcikwcdho,VpXa3WnPYJ
useruqchipgauh,YMMgcavTbN
userdvdbtwfksf,TWtfOC$SBH
usereodwmuycba,X8Qpsly8Yg
usertvwdbscwex,PsincA19ZZ
usermvbjmltrgu,rByRVWTusS
userjqnqaedhbi,UCuw4pxUh5
userxhxwoivzlh,VfSCeXLzS1
userfocndzrvjx,$uvwM8pB1n
usernfihxwiufl,YOsuEZZzrs
userfrqfswomuc,MEzfqiWcsE
userzjilaxlman,qb9l9B$nEf
usermfwujkudvx,fIx8yvPBfV
userrfklrudhdk,ToPsbzDTtc
userbcfzefxigq,wcodH@6cjE
usermuhkwvtlin,BMjUwPh8xY
userlmrjbbrfkt,jCXGpKlLu2
userjcrsthqnku,qau@027C2c
userkszunmmujm,h@0nYASDOq
userbhdhjfmxvx,KFk8HWwvOF
usereviozhsanh,5hDu$mCaG3
userjbiihhlyec,2s2@NU7PyX
userqxiizvdmjg,Sl7bETGxqf
userjvxnjxopmv,gmZxAsOeO1
useroflyuyrbcj,fZGE5ZFKRF
